time_s,left_tick,right_tick
0.111229182,10775551,11174203
0.172537804,10775551,11174203
0.195517302,10775551,11174203
0.259530306,10775551,11174203
0.331647396,10775551,11174203
0.343961716,10775551,11174203
0.403924227,10775551,11174203
0.447988272,10775551,11174203
0.527219296,10775551,11174203
0.551423312,10775551,11174203
0.614610434,10775551,11174203
0.664657355,10775551,11174203
0.692497492,10775551,11174203
0.755664587,10775551,11174203
0.800448418,10775551,11174203
0.846993924,10775551,11174203
0.903316737,10775551,11174203
0.951726437,10775551,11174203
0.996759653,10775551,11174203
1.052121401,10775551,11174203
1.123664379,10775551,11174203
1.191407442,10775551,11174203
1.195974112,10775551,11174203
1.267691613,10775551,11174203
1.299635649,10775551,11174203
1.3429448609999999,10775551,11174203
1.409435988,10775551,11174203
1.4753923420000001,10775551,11174203
1.493037701,10775551,11174203
1.548127652,10775551,11174203
1.605827809,10775551,11174203
1.6721363070000002,10775551,11174203
1.695533514,10775551,11174203
1.751687289,10775551,11174203
1.8330178259999999,10775551,11174203
1.845122576,10775551,11174203
1.909035445,10775551,11174203
1.947737456,10775551,11174203
1.994045973,10775551,11174203
2.060736895,10775551,11174203
2.107734919,10775551,11174203
2.143986702,10775551,11174203
2.200300932,10775551,11174203
2.269024372,10775551,11174203
2.326194287,10775551,11174203
2.340814829,10775551,11174203
2.41576314,10775551,11174203
2.460846424,10775551,11174203
2.497480393,10775551,11174203
2.556459427,10775551,11174203
2.616498947,10775551,11174203
2.660173416,10775551,11174203
2.692139387,10775551,11174203
2.759719849,10775551,11174203
2.807458401,10775551,11174203
2.841088057,10775551,11174203
2.908103228,10775551,11174203
2.997300864,10775551,11174203
3.005907059,10775551,11174203
3.079455138,10775551,11174203
3.094367981,10775551,11174203
3.143577099,10775551,11174203
3.215507031,10775551,11174203
3.260703802,10775551,11174203
3.297230721,10775551,11174203
3.352241278,10775551,11174203
3.426906348,10775551,11174203
3.499527216,10775551,11174203
3.501521826,10775551,11174203
3.5730221269999998,10775551,11174203
3.640661478,10775551,11174203
3.655996323,10775551,11174203
3.719390393,10775551,11174203
3.741057396,10775551,11174203
3.819809914,10775551,11174203
3.8514873979999997,10775551,11174203
3.895823002,10775551,11174203
3.956767559,10775551,11174203
4.029659033,10775551,11174203
4.045686961,10775551,11174203
4.096792698,10775551,11174203
4.175758362,10775551,11174203
4.194278002,10775551,11174203
4.243838787,10775551,11174203
4.301168204,10775551,11174203
4.360229493,10775551,11174203
4.395451308,10775551,11174203
4.456424952,10775551,11174203
4.525175572,10775551,11174203
4.541672469,10775551,11174203
4.594594241,10775551,11174203
4.671663523,10775551,11174203
4.690906525,10775551,11174203
4.751564265,10775551,11174203
4.81945324,10775551,11174203
4.85139513,10775551,11174203
4.898505211,10775551,11174203
4.972167969,10775551,11174203
5.023822308,10775551,11174203
5.048140049,10775551,11174203
5.111583948,10775551,11174203
5.142605543,10775551,11174203
5.195670367,10775551,11174203
5.268548727,10775551,11174203
5.299431563,10775551,11174203
5.343885422,10775551,11174203
5.419957638,10775551,11174203
5.475409031,10775551,11174203
5.493911982,10775551,11174203
5.548023939,10775551,11174203
5.604131222,10775551,11174203
5.643593073,10775551,11174203
5.695823193,10775551,11174203
5.763882637,10775551,11174203
5.837585211,10775551,11174203
5.845073223,10775551,11174203
5.912543297,10775551,11174203
5.9856987,10775551,11174203
5.9915502069999995,10775551,11174203
6.052624941,10775551,11174203
6.112116099,10775551,11174203
6.145237685,10775551,11174203
6.199644328,10775551,11174203
6.268519879,10775551,11174203
6.297381163,10775551,11174203
6.343715906,10775551,11174203
6.40335083,10775551,11174203
6.459992886,10775551,11174203
6.496825695,10775551,11174203
6.564276457,10775551,11174203
6.608868361,10775551,11174203
6.64560771,10775551,11174203
6.704104185,10775551,11174203
6.7716219429999995,10775551,11174203
6.830950499,10775551,11174203
6.844720364,10775551,11174203
6.919639588,10775551,11174203
6.992067337,10775551,11174203
6.994987965,10775551,11174203
7.059602499,10775551,11174203
7.109584809,10775551,11174203
7.1441137789999996,10775551,11174203
7.195964575,10775551,11174203
7.263915539,10775551,11174203
7.335629225,10775551,11174203
7.34046197,10775551,11174203
7.411510468,10775551,11174203
7.492326737,10775551,11174203
7.495369196,10775551,11174203
7.575687886,10775551,11174203
7.592886448,10775551,11174203
7.651908875,10775551,11174203
7.727642298,10775551,11174203
7.743430138,10775551,11174203
7.796447754,10775551,11174203
7.863831997,10775551,11174203
7.931964159,10775551,11174203
7.945562363,10775551,11174203
8.003942728,10775551,11174203
8.075554371,10775551,11174203
8.094819308,10775551,11174203
8.151998997,10775551,11174203
8.227626562,10775551,11174203
8.243868828,10775551,11174203
8.303882122,10775551,11174203
8.371896506,10775551,11174203
8.443338633,10775551,11174203
8.445183754,10775551,11174203
8.514592648,10775551,11174203
8.587370873,10775551,11174203
8.595059872,10775551,11174203
8.65636158,10775551,11174203
8.73148346,10775551,11174203
8.74746728,10775551,11174203
8.799665213,10775551,11174203
8.883625508,10775551,11174203
8.894713879,10775551,11174203
8.956063032,10775551,11174203
9.027618647,10775551,11174203
9.044888735,10775551,11174203
9.107532978,10775551,11174203
9.187272787,10775551,11174203
9.193614006,10775551,11174203
9.259604454,10775551,11174203
9.327254773,10775551,11174203
9.34356308,10775551,11174203
9.407900572,10775551,11174203
9.48340416,10775551,11174203
9.493375302,10775551,11174203
9.551747084,10775551,11174203
9.627257824,10775551,11174203
9.642990351,10775551,11174203
9.709362984,10775551,11174203
9.779381037,10775551,11174203
9.792598725,10775551,11174203
9.859962225,10775551,11174203
9.9401052,10775551,11174203
9.942321062,10775551,11174203
10.007627488,10775551,11174203
10.079449654,10775551,11174203
10.092765093,10775551,11174203
10.152062178,10775551,11174203
10.223825693,10775551,11174203
10.241623402,10775551,11174203
10.299584151,10775551,11174203
10.367851496,10775551,11174203
10.415581227,10775551,11174203
10.444222689,10775551,11174203
10.512665034,10775551,11174203
10.58390975,10775551,11174203
10.594346524,10775551,11174203
10.655941487,10775551,11174203
10.712552548,10775551,11174203
10.744069577,10775551,11174203
10.807598114,10775551,11174203
10.875265837,10775551,11174203
10.894254685,10775551,11174203
10.947642088,10775551,11174203
11.015495777,10775551,11174203
11.091370345,10775551,11174203
11.094482184,10775551,11174203
11.173162938,10775551,11174203
11.191813946,10775551,11174203
11.251965523,10775551,11174203
11.313298226,10775551,11174203
11.371220351,10775551,11174203
11.393301487,10775551,11174203
11.464212656,10775551,11174203
11.512555361,10775551,11174203
11.543892861,10775551,11174203
11.608674288,10775551,11174203
11.67557621,10775551,11174203
11.693661452,10775551,11174203
11.752709866,10775551,11174203
11.82792306,10775551,11174203
11.842407704,10775551,11174203
11.895949602,10775551,11174203
11.967973948000001,10775551,11174203
12.03504324,10775551,11174203
12.042943001,10775551,11174203
12.10357976,10775551,11174203
12.17551589,10775551,11174203
12.192600012,10775551,11174203
12.248299837,10775551,11174203
12.319615841,10775551,11174203
12.363146544,10775551,11174203
12.394292832,10775551,11174203
12.463893891,10775551,11174203
12.531368256,10775551,11174203
12.544107199,10775551,11174203
12.599576235,10775551,11174203
12.671662569,10775551,11174203
12.739136458,10775551,11174203
12.740650893,10775551,11174203
12.813414812,10775551,11174203
12.891224146,10775551,11174203
12.893050432999999,10775551,11174203
12.963249445,10775551,11174203
13.031259537,10775551,11174203
13.045570612,10775551,11174203
13.096043825,10775551,11174203
13.183923722,10775551,11174203
13.191010237,10775551,11174203
13.25981021,10775551,11174203
13.331298828,10775551,11174203
13.341407299,10775551,11174203
13.400061846,10775551,11174203
13.456511975,10775551,11174203
13.544395686,10775551,11174203
13.54838562,10775551,11174203
13.617323876,10775551,11174203
13.684587717,10775551,11174203
13.695115328,10775551,11174203
13.755390883,10775551,11174203
13.835519553,10775551,11174203
13.843030691,10775551,11174203
13.916445732,10775551,11174203
13.941225529,10775551,11174203
13.992412091,10775551,11174203
14.06469369,10775551,11174203
14.136337996,10775551,11174203
14.142476082,10775551,11174203
14.212877751,10775551,11174203
14.284834147,10775551,11174203
14.293014288,10775551,11174203
14.356319666,10775551,11174203
14.427512646,10775551,11174203
14.441529036,10775551,11174203
14.49950099,10775551,11174203
14.571801663,10775551,11174203
14.647115946,10775551,11174203
14.648370028,10775551,11174203
14.715753317,10775551,11174203
14.787301541,10775551,11174203
14.791212082,10775551,11174203
14.859763146,10775551,11174203
14.927605629,10775551,11174203
14.945412159,10775551,11174203
14.998015643,10775551,11174203
15.068087817,10775551,11174203
15.139522553,10775551,11174203
15.14304781,10775551,11174203
15.212180853,10775551,11174203
15.295443058,10775551,11174203
15.296978236,10775551,11174203
15.363841772,10775551,11174203
15.411531449,10775551,11174203
15.441641569,10775551,11174203
15.503868103,10775551,11174203
15.575635195,10775551,11174203
15.593132973,10775551,11174203
15.647842884,10775551,11174203
15.716189385,10775551,11174203
15.791348935,10775551,11174203
15.794923783,10775551,11174203
15.863950014,10775551,11174203
15.931378365,10775551,11174203
15.944929839,10775551,11174203
16.004263401,10775551,11174203
16.075572253,10775551,11174203
16.094672203,10775551,11174203
16.147533179,10775551,11174203
16.215495825,10775551,11174203
16.283318758,10775551,11174203
16.294930458,10775551,11174203
16.352288962,10775551,11174203
16.415496827,10775551,11174203
16.445206404,10775551,11174203
16.495544434,10775551,11174203
16.575582505,10775551,11174203
16.595219851,10775551,11174203
16.653542996,10775551,11174203
16.719564915,10775551,11174203
16.792680264,10775551,11174203
16.792845965,10775551,11174203
16.868054867,10775551,11174203
16.94746852,10775551,11174203
16.948982716,10775551,11174203
17.015704394,10775551,11174203
17.095392943,10775551,11174203
17.103745461,10775551,11174203
17.171414852,10775551,11174203
17.190971375,10775551,11174203
17.243581295,10775551,11174203
17.31580019,10775551,11174203
17.391539812,10775551,11174203
17.393614054,10775551,11174203
17.459941626,10775551,11174203
17.531640053,10775551,11174203
17.542561531,10775551,11174203
17.603544712,10775551,11174203
17.671735525,10775551,11174203
17.739287615,10775551,11174203
17.74513793,10775551,11174203
17.807800055,10775551,11174203
17.87940836,10775551,11174203
17.89428258,10775551,11174203
17.947600127,10775551,11174203
18.019711972,10775551,11174203
18.087346793,10775551,11174203
18.091955185,10775551,11174203
18.156386853,10775551,11174203
18.231615305,10775551,11174203
18.242618561,10775551,11174203
18.312462092,10775551,11174203
18.391565323000002,10775551,11174203
18.393707753,10775551,11174203
18.464925766,10775551,11174203
18.535623074,10775551,11174203
18.541754008,10775551,11174203
18.607784987,10775551,11174203
18.679647923,10775551,11174203
18.692397356,10775551,11174203
18.756083966,10775551,11174203
18.823601246,10775551,11174203
18.842817068,10775551,11174203
18.895134449,10775551,11174203
18.963879109,10775551,11174203
19.039740563,10775551,11174203
19.044754029,10775551,11174203
19.111937046,10775551,11174203
19.187461138,10775551,11174203
19.194493056,10775551,11174203
19.272808314,10775551,11174203
19.339342356,10775551,11174203
19.345000506,10775551,11174203
19.419733048,10775551,11174203
19.491690874,10775551,11174203
19.495023728,10775551,11174203
19.571283579,10775551,11174203
19.648155928,10775551,11174203
19.652632475,10775551,11174203
19.719623328,10775551,11174203
19.787440777,10775551,11174203
19.793580532,10775551,11174203
19.860700131,10775551,11174203
19.928158045,10775551,11174203
19.943674565,10775551,11174203
20.011935473,10775551,11174203
20.087868929,10775551,11174203
20.092800379,10775551,11174203
20.155918837,10775551,11174203
20.22367549,10775551,11174203
20.30740285,10775551,11174203
20.308767081,10775551,11174203
20.356441975,10775551,11174203
20.39325285,10775551,11174203
20.451928377,10775551,11174203
20.53195405,10775551,11174203
20.54342103,10775551,11174203
20.608053685,10775551,11174203
20.679949046,10775551,11174203
20.692951918,10775551,11174203
20.748090029,10775551,11174203
20.821399212,10775551,11174203
20.89161706,10775551,11174203
20.893257141,10775551,11174203
20.967998743,10775551,11174203
21.03945303,10775551,11174203
21.043385029,10775551,11174203
21.107547045,10775551,11174203
21.183535815,10775551,11174203
21.191962481,10775551,11174203
21.251596451,10775551,11174203
21.319634676,10775551,11174203
21.341803789,10775551,11174203
21.400176764,10775551,11174203
21.455986739,10775551,11174203
21.539609909,10775551,11174203
21.544835329,10775551,11174203
21.61301589,10775551,11174203
21.679355145,10775551,11174203
21.693364382,10775551,11174203
21.748815775,10775551,11174203
21.82391572,10775551,11174203
21.843040228,10775551,11174203
21.904325486,10775551,11174203
21.978108645,10775551,11174203
21.995224715,10775551,11174203
22.045672179,10775551,11174203
22.108891011,10775551,11174203
22.155646086,10775551,11174203
22.199309111,10775551,11174203
22.275705576,10775551,11174203
22.293429137,10775551,11174203
22.348062039,10775551,11174203
22.419760466,10775551,11174203
22.463350058,10775551,11174203
22.494565726,10775551,11174203
22.555521965,10775551,11174203
22.623640776,10775551,11174203
22.644818545,10775551,11174203
22.70380497,10775551,11174203
22.751648426,10775551,11174203
22.794079543,10775551,11174203
22.855971575,10775551,11174203
22.935523749,10775551,11174203
22.944440604,10775551,11174203
23.007962466,10775551,11174203
23.087635756,10775551,11174203
23.094870806,10775551,11174203
23.163748265,10775551,11174203
23.239469052,10775551,11174203
23.243857861,10775551,11174203
23.316021681,10775551,11174203
23.387454987,10775551,11174203
23.394299031,10775551,11174203
23.460164786,10775551,11174203
23.531936169,10775551,11174203
23.544190646,10775551,11174203
23.607968808,10775551,11174203
23.675326825,10775551,11174203
23.693693638,10775551,11174203
23.752325058,10775551,11174203
23.827391386,10775551,11174203
23.84395814,10775551,11174203
23.903872252,10775551,11174203
23.976014138,10775551,11174203
23.993305683,10775551,11174203
24.051534653,10775551,11174203
24.119597197,10775551,11174203
24.191332341,10775551,11174203
24.194032669,10775551,11174203
24.267807246,10775551,11174203
24.314557076,10775551,11174203
24.34275651,10775551,11174203
24.411841631,10775551,11174203
24.467355252,10775551,11174203
24.49171567,10775551,11174203
24.551818371,10775551,11174203
24.620211363,10775551,11174203
24.695535422,10775551,11174203
24.697814465,10775551,11174203
24.767648936,10775551,11174203
24.835746765,10775551,11174203
24.842525006,10775551,11174203
24.916538477,10775551,11174203
24.991539002,10775551,11174203
24.99240613,10775551,11174203
25.072158575,10775551,11174203
25.143621922,10775551,11174203
25.14591384,10775551,11174203
25.212187291,10775551,11174203
25.280060292,10775551,11174203
25.295893431,10775551,11174203
25.35200572,10775551,11174203
25.425193549,10775551,11174203
25.47900343,10775551,11174203
25.493155718,10775551,11174203
25.559981108,10775551,11174203
25.627386093,10775551,11174203
25.643380404,10775551,11174203
25.703905106,10775551,11174203
25.779037714,10775551,11174203
25.80677104,10775551,11174203
25.851703167,10775551,11174203
25.925236941,10775551,11174203
25.942274571,10775551,11174203
26.004302264,10775551,11174203
26.079902888,10775551,11174203
26.092601061,10775551,11174203
26.151696682,10775551,11174203
26.227630616,10775551,11174203
26.241654396,10775551,11174203
26.303898573,10775551,11174203
26.352490664,10775551,11174203
26.447406769,10775551,11174203
26.448701859,10775551,11174203
26.520735741,10775551,11174203
26.591940165,10775551,11174203
26.594080687,10775551,11174203
26.656511784,10775551,11174203
26.711788178,10775551,11174203
26.742712975,10775551,11174203
26.816722632,10775551,11174203
26.863609314,10775551,11174203
26.893133879,10775551,11174203
26.967860461,10775551,11174203
27.039425612,10775551,11174203
27.042624235,10775551,11174203
27.111707688,10775551,11174203
27.179339171,10775551,11174203
27.191971779,10775551,11174203
27.247522831,10775551,11174203
27.319799424,10775551,11174203
27.387116433,10775551,11174203
27.393271447,10775551,11174203
27.455871582,10775551,11174203
27.531591177,10775551,11174203
27.543963433000002,10775551,11174203
27.604808569,10775551,11174203
27.680018664,10775551,11174203
27.693783045,10775551,11174203
27.744693995,10775551,11174203
27.795463562,10775551,11174203
27.845870257,10775551,11174203
27.919595003,10775551,11174203
27.991314412,10775551,11174203
27.995181799,10775551,11174203
28.064222098,10775551,11174203
28.12662983,10775551,11174203
28.144872427,10775551,11174203
28.227660656,10775551,11174203
28.24311018,10775551,11174203
28.295916081,10775551,11174203
28.368127823000002,10775551,11174203
28.444390296999998,10775551,11174203
28.448031426,10775551,11174203
28.515650034,10775551,11174203
28.59125948,10775551,11174203
28.593428135,10775551,11174203
28.667872668,10775551,11174203
28.74328065,10775551,11174203
28.744811535,10775551,11174203
28.793359042,10775551,11174203
28.847500563,10776268,11174055
28.907487154000002,10777238,11173851
28.948940039,10778275,11173636
29.012064696,10779343,11173412
29.052079201,10780397,11173177
29.107797861,10781433,11172932
29.15156436,10782441,11172668
29.207803965,10783427,11172393
29.249317408,10784387,11172104
29.307834864,10785343,11171803
29.35222745,10786307,11171491
29.411476851,10787277,11171166
29.453406334,10788244,11170828
29.507351637,10789200,11170480
29.551262856,10790139,11170128
29.612164259,10791089,11169772
29.652114869000002,10792051,11169421
29.707704306,10793021,11169073
29.752153159,10793999,11168722
29.807542801,10794973,11168370
29.849451781,10795938,11168004
29.907582522,10796919,11167622
29.950889826,10797913,11167239
30.007541895,10798911,11166848
30.052606583,10799917,11166455
30.10786438,10800925,11166059
30.149288416,10801923,11165651
30.207562209,10802932,11165236
30.251456738,10803948,11164820
30.307360173,10804969,11164395
30.352133274,10805996,11163958
30.407546044,10807030,11163505
30.448599577,10808062,11163040
30.513307572,10809102,11162565
30.551454783,10810140,11162077
30.608599186,10811181,11161577
30.651966095,10812228,11161069
30.712597132,10813284,11160548
30.751680136,10814343,11160016
30.807598114,10815404,11159471
30.851562739,10816462,11158914
30.912166119,10817521,11158335
30.952764035,10818578,11157746
31.011410952,10819638,11157153
31.051477433,10820708,11156551
31.111848116,10821785,11155944
31.151537419,10822861,11155321
31.208538771,10823939,11154680
31.251021862,10825017,11154031
31.309430838,10826099,11153389
31.351685286,10827187,11152744
31.411761046,10828285,11152081
31.451652289,10829383,11151408
31.5077281,10830484,11150724
31.550779581,10831585,11150035
31.607203961,10832689,11149340
31.652287245,10833791,11148636
31.707768441,10834893,11147914
31.748996973,10835995,11147194
31.807536841,10837098,11146478
31.851150513,10838211,11145758
31.912899018,10839334,11145032
31.952134133,10840457,11144293
32.000003338,10841581,11143537
32.053817749,10842705,11142767
32.113375664,10843828,11141989
32.150921345,10844948,11141219
32.207182885,10846068,11140456
32.252102137,10847194,11139682
32.311821938,10848334,11138895
32.351518154,10849476,11138103
32.40752101,10850619,11137322
32.451294661,10851755,11136531
32.513708115,10852895,11135719
32.552099944,10854037,11134897
32.607775212,10855184,11134056
32.651687146,10856328,11133215
32.712579489,10857451,11132373
32.751609326,10858567,11131515
32.807717324,10859717,11130651
32.851751566,10860880,11129795
32.912782908,10862044,11128928
32.948330164,10863195,11128051
33.011627913,10864346,11127166
33.05237031,10865504,11126267
33.108714581,10866670,11125356
33.151687861,10867834,11124439
33.211900473,10868993,11123518
33.249004841,10870153,11122606
33.311900616,10871330,11121689
33.35213089,10872512,11120766
33.398635388,10873692,11119832
33.451799155,10874848,11118892
33.511908293,10875996,11117945
33.548819542,10877171,11116997
33.611493826,10878356,11116048
33.652655363,10879539,11115092
33.707525254,10880720,11114123
33.751659632,10881900,11113159
33.807537556,10883085,11112193
33.848416329,10884279,11111231
33.907562733,10885478,11110259
33.951772213,10886663,11109284
34.011469126,10887859,11108298
34.052568436,10889060,11107310
34.108836413,10890263,11106325
34.148615361,10891464,11105343
34.207362891,10892662,11104354
34.250253678,10893861,11103356
34.308734894,10895066,11102347
34.351565361,10896268,11101349
34.407662392,10897466,11100352
34.44816947,10898657,11099340
34.513559342,10899858,11098312
34.552494765,10901070,11097279
34.607669115,10902290,11096266
34.651576996,10903505,11095245
34.708286763,10904725,11094229
34.747920037,10905947,11093205
34.81128645,10907169,11092165
34.84985137,10908388,11091116
34.907621384,10909609,11090066
34.952611685,10910828,11089030
35.007377863,10912051,11088002
35.048033715,10913270,11086953
35.108796835,10914491,11085885
35.152696133,10915714,11084812
35.211475373,10916940,11083738
35.251559973,10918164,11082669
35.307529211,10919387,11081594
35.348004103,10920610,11080513
35.407929898,10921835,11079428
35.45319438,10923069,11078334
35.512773514,10924310,11077230
35.552725792,10925550,11076120
35.608995438,10926793,11075004
35.648042679,10928034,11073892
35.707553625,10929277,11072779
35.749667883,10930516,11071674
35.811449528,10931758,11070560
35.853841067,10932999,11069432
35.91131258,10934240,11068299
35.951581002,10935480,11067166
36.007673264,10936719,11066029
36.049556971,10937957,11064895
36.110277653,10939197,11063759
36.151693583,10940436,11062636
36.211761713,10941674,11061516
36.247760773,10942913,11060390
36.307466269,10944154,11059254
36.351610422,10945393,11058116
36.408487797,10946633,11056965
36.452680827,10947871,11055822
36.512379885,10949110,11054675
36.547816992,10950357,11053529
36.607804537,10951616,11052380
36.649415493,10952872,11051230
36.71065116,10954127,11050089
36.751808167,10955374,11048955
36.812793255,10956631,11047808
36.847788573,10957887,11046655
36.909983874,10959145,11045497
36.949390412,10960398,11044338
37.008238316,10961653,11043172
37.051136971,10962908,11042005
37.107733965,10964165,11040830
37.14773345,10965419,11039656
37.2074821,10966665,11038485
37.249293328,10967916,11037318
37.308173657,10969174,11036147
37.351006985,10970428,11034967
37.412771464,10971674,11033793
37.448101759,10972914,11032619
37.512352229,10974169,11031431
37.549624205,10975423,11030234
37.611810208,10976673,11029031
37.652005673,10977914,11027838
37.707591534,10979165,11026648
37.752374888,10980433,11025458
37.807456494,10981710,11024262
37.851812125,10982982,11023067
37.911370516,10984248,11021878
37.952605725,10985523,11020690
38.011682034,10986804,11019507
38.05339408,10988079,11018317
38.10878706,10989355,11017126
38.149060011,10990631,11015932
38.212289811,10991909,11014727
38.251477242,10993185,11013527
38.309215308,10994461,11012317
38.353689194,10995737,11011111
38.412855864,10997017,11009900
38.44906807,10998294,11008689
38.508689404,10999571,11007481
38.551672459,11000845,11006269
38.6080544,11002125,11005057
38.652141095,11003402,11003851
38.711558819,11004680,11002648
38.748884201,11005957,11001440
38.807960034,11007237,11000225
38.851381541,11008517,10999025
38.907826186,11009799,10997805
38.953494788,11011079,10996579
39.012038946,11012361,10995346
39.049947501,11013640,10994119
39.108485222,11014923,10992893
39.151633501,11016203,10991663
39.20736146,11017483,10990426
39.252346754,11018762,10989195
39.307886601,11020046,10987961
39.3492167,11021326,10986728
39.408802033,11022608,10985493
39.451473952,11023888,10984263
39.512742997,11025171,10983023
39.552525998,11026451,10981793
39.60811162,11027730,10980567
39.648666621,11029006,10979338
39.707726717,11030285,10978104
39.751661301,11031564,10976875
39.81106329,11032842,10975654
39.852679015,11034111,10974434
39.908748627,11035387,10973211
39.952572108,11036665,10971973
40.011274577,11037946,10970732
40.049776793,11039221,10969494
40.109006167,11040491,10968255
40.151612521,11041778,10967010
40.208422184,11043078,10965754
40.25244236,11044374,10964522
40.307466269,11045663,10963287
40.349066019,11046955,10962050
40.407992363,11048257,10960805
40.451497078,11049557,10959564
40.509621621,11050853,10958335
40.552535534,11052142,10957104
40.611786127,11053440,10955867
40.649239779,11054739,10954630
40.71161747,11056031,10953400
40.750701666,11057298,10952170
40.811253786,11058575,10950926
40.852367401,11059868,10949673
40.907624722,11061166,10948415
40.949122191,11062458,10947157
41.008029223,11063752,10945900
41.051283598,11065047,10944635
41.107595206,11066343,10943365
41.153084994,11067632,10942101
41.211209536,11068913,10940841
41.248927117,11070206,10939582
41.313273669,11071505,10938315
41.351051569,11072803,10937048
41.413068533,11074102,10935778
41.452318907,11075395,10934510
41.508533001,11076696,10933246
41.573241949,11077996,10931981
41.594429493,11079293,10930719
41.651963473,11080033,10929982
41.726551533,11080431,10929620
41.744961739,11080731,10929384
41.807923794,11080990,10929181
41.887377024,11081263,10928940
41.893481017,11081558,10928682
41.955867291,11081866,10928397
42.040780306,11082188,10928100
42.044935465,11082524,10927792
42.115280867,11082866,10927480
42.177764655,11083221,10927166
42.194894791,11083588,10926848
42.257899285,11083955,10926530
42.29953599,11084323,10926215
42.350916624,11085739,10926166
42.397471428,11087549,10926183
42.449216605,11089429,10926191
42.500607252,11091328,10926193
42.552579642,11093227,10926361
42.598848582,11095126,10926597
42.650380135,11097036,10926948
42.701830626,11098956,10927385
42.748508215,11100896,10927943
42.801007271,11102852,10928595
42.851507426,11104916,10929312
42.898846865,11107028,10930075
42.950196028,11109177,10930903
43.001466275,11111343,10931778
43.05044365,11113553,10932745
43.09945345,11115787,10933790
43.151270151,11118028,10934920
43.199826479,11120274,10936121
43.249359846,11122581,10937346
43.300786972,11124915,10938593
43.352326393,11127271,10939896
43.398865939,11129636,10941260
43.450390100999996,11132012,10942699
43.501968384,11134396,10944196
43.548733712,11136785,10945760
43.600643158,11139186,10947374
43.651659489,11141659,10949006
43.698340178,11144165,10950654
43.749652863,11146694,10952373
43.802092553,11149231,10954131
43.848546028,11151770,10955966
43.900225878,11154305,10957847
43.952818156,11156878,10959734
43.998177767,11159465,10961644
44.049500704,11162088,10963590
44.101205111,11164729,10965553
44.152835846,11167335,10967588
44.201479197,11169941,10969657
44.250666857,11172554,10971778
44.302110196,11175177,10973929
44.349131823,11177875,10976076
44.400493145,11180606,10978213
44.453000546,11183394,10980360
44.498493195,11186212,10982512
44.550288439,11188926,10984394
44.601464987,11191614,10986177
44.64823103,11194372,10987902
44.699721337,11197163,10989609
44.752097845,11200011,10991311
44.797995091,11202890,10993018
44.849710465,11205746,10994766
44.90153575,11208606,10996539
44.94778657,11211478,10998348
44.999354601,11214370,11000176
45.0507164,11217222,11002061
45.10268569,11220078,11003972
45.14877677,11222952,11005886
45.204213381,11225858,11007817
45.252003193,11228747,11009783
45.299670697,11231657,11011763
45.351493836,11234500,11013809
45.401575327,11237343,11015894
45.448385477,11240203,11017961
45.500002146,11243097,11020034
45.55238843,11245938,11022144
45.597855568,11248780,11024283
45.649740458,11251671,11026352
45.701196909,11254595,11028399
45.748314143,11257500,11030492
45.79933548,11260410,11032611
45.850985527,11263344,11034685
45.903536797,11266304,11036752
45.949160099,11269215,11038866
46.000612736,11272118,11041001
46.052342177,11275018,11043273
46.09902215,11277922,11045608
46.150563956,11280786,11047916
46.201962948,11283639,11050216
46.24856329,11286494,11052465
46.300151587,11289349,11054706
46.351988793,11292198,11057116
46.39839387,11295053,11059626
46.449666977,11297914,11062288
46.501577616,11300786,11065018
46.548388481,11303703,11067779
46.599392891,11306639,11070557
46.651123524,11309547,11073367
46.702605248,11312445,11076205
46.749084473,11315325,11079068
46.800889492,11318205,11081950
46.85251236,11321108,11084850
46.89910841,11324022,11087763
46.950566769,11326873,11090596
47.002073288,11329700,11093405
47.04898572,11332474,11096045
47.100422144,11335234,11098636
47.151713133,11338017,11101214
47.203579188,11340813,11103787
47.250854254,11343576,11106395
47.301431418,11346340,11109019
47.348153353,11349092,11111847
47.399892569,11351854,11114758
47.451067925,11354619,11117811
47.497902632,11357395,11120908
47.549449921,11360233,11124031
47.600979567,11363096,11127162
47.652597189,11365941,11130332
47.699054003,11368787,11133517
47.750810624,11371681,11136703
47.80199337,11374600,11139901
47.848735094,11377501,11143134
47.900164843,11380406,11146393
47.951790572,11383206,11149427
47.998581887,11385976,11152399
48.050211907,11388737,11155307
48.102560521,11391504,11158206
48.147983075,11394258,11161304
48.199997664,11397020,11164488
48.25113535,11399837,11167712
48.29851532,11402683,11170949
48.349699021,11405577,11174263
48.400895119,11408509,11177600
48.452663899,11411508,11180959
48.499128104,11414546,11184328
48.55173564,11417557,11187731
48.602391959,11420576,11191164
48.649307013,11423622,11194591
48.700288058,11426699,11198037
48.751784563,11429744,11201362
48.799090624,11432781,11204651
48.850978375,11435770,11207841
48.902467966,11438740,11210993
48.948410511,11441752,11214046
49.00022173,11444770,11217062
49.051636935,11447789,11220167
49.098914385,11450808,11223300
49.149790764,11453823,11226504
49.201467038,11456843,11229741
49.252757073,11459820,11232935
49.299321175,11462786,11236128
49.350863934,11465853,11239217
49.402797938,11468964,11242290
49.448859454,11472065,11245354
49.500560999,11475175,11248428
49.551990986,11478277,11251624
49.598731757,11481389,11254879
49.650204182,11484452,11258090
49.701657772,11487513,11261291
49.747942448,11490565,11264493
49.799907923,11493621,11267690
49.851484299,11496697,11270875
49.89817524,11499784,11274053
49.949370623,11502878,11277233
50.001182318,11505978,11280415
50.052687407,11509065,11283623
50.099037886,11512146,11286842
50.150716305,11515253,11290043
50.202159644,11518365,11293247
50.249018908,11521495,11296440
50.303189278,11524628,11299645
50.35206151,11527738,11302863
50.398564339,11530840,11306101
50.45011878,11533998,11309315
50.501532555,11537174,11312529
50.548061371,11540332,11315753
50.599643231,11543492,11318982
50.651342154,11546695,11322182
50.703019858,11549923,11325378
50.749594927,11553140,11328587
50.800851107,11556369,11331800
50.852500677,11559614,11334998
50.899150849,11562877,11338198
50.950535536,11566131,11341402
51.00283742,11569395,11344624
51.048857212,11572680,11347818
51.100266219,11575976,11351025
51.151919127,11579272,11354239
51.199875117,11582571,11357454
51.249705315,11585850,11360672
51.302553892,11589131,11363886
51.348173857,11592442,11367093
51.399698019,11595778,11370286
51.45238328,11599140,11373475
51.503419876,11602522,11376658
51.549478531,11605861,11379855
51.600625754,11609206,11383056
51.652644873,11612534,11386264
51.698763848,11615857,11389485
51.750363827,11619225,11392680
51.801810265,11622607,11395882
51.848352909,11625974,11399088
51.900189638,11629344,11402309
51.951969147,11632733,11405504
51.998338938,11636139,11408704
52.049886704,11639529,11411911
52.10113144,11642916,11415124
52.152920246,11646327,11418326
52.204370976,11649744,11421523
52.251146078,11653148,11424736
52.303424359,11656545,11427950
52.349093199,11659953,11431154
52.400815964,11663370,11434352
52.452443838,11666763,11437558
52.498892546,11670166,11440775
52.550286055,11673558,11444105
52.601857901,11676958,11447491
52.648260117,11680386,11450760
52.699836016,11683820,11454006
52.751657248,11687265,11457255
52.799092293,11690722,11460512
52.84958601,11694219,11463798
52.901128531,11697741,11467093
52.952876807,11701266,11470558
52.999263764,11704818,11474090
53.050816536,11708409,11477627
53.103419304,11712025,11481180
53.149030447,11715628,11484759
53.203745127,11719228,11488361
53.252388955,11722805,11491929
53.298660994,11726378,11495493
53.350802183,11729943,11499031
53.401710511,11733517,11502565
53.448637247,11737076,11506102
53.500133038,11740633,11509655
53.551788092,11744205,11513161
53.598214627,11747779,11516664
53.649779082,11751338,11520171
53.702405691,11754893,11523682
53.752759695,11758440,11527163
53.799425841,11761992,11530623
53.850819111,11765525,11534094
53.902642012,11769049,11537579
53.948877097,11772581,11541015
54.001268626,11776113,11544453
54.05188036,11779617,11547879
54.098833561,11783119,11551314
54.150404215,11786542,11554808
54.211648703,11789965,11558324
54.248018742,11793311,11561861
54.299803019,11796639,11565392
54.351375819,11799811,11568984
54.404069186,11802932,11572608
54.450529337,11806080,11576194
54.501218081,11809228,11579778
54.552727223,11812329,11583389
54.599242926,11815412,11587005
54.65106082,11818441,11590613
54.702435732,11821459,11594216
54.748895645,11824342,11597838
54.801141262,11827188,11601481
54.851942301,11829933,11605190
54.89874959,11832659,11608930
54.950123072,11835234,11612693
55.001985312,11837765,11616462
55.048969269,11839477,11620328
55.100534439,11840902,11624235
55.152383089,11842208,11628161
55.199534178,11843471,11632108
55.251562357,11844717,11636105
55.302710533,11845956,11640122
55.349189997,11847192,11644204
55.401713133,11848432,11648330
55.452828169,11849586,11652521
55.500360012,11850694,11656740
55.551836014,11851822,11660951
55.602851153,11852975,11665180
55.649562359,11854121,11669414
55.701386929,11855261,11673668
55.753028155,11856388,11677956
55.799830914,11857507,11682260
55.853319407,11858685,11686528
55.898302555,11859909,11690800
55.95077467,11861144,11695036
56.002110482,11862380,11699274
56.049250126,11863600,11703547
56.100876093,11864810,11707847
56.151643277,11866777,11712088
56.198016405,11869066,11716334
56.249799967,11871365,11720558
56.301282168,11873671,11724785
56.352773428,11875875,11729081
56.399607897,11878052,11733418
56.452056408,11879357,11737834
56.503162384,11880322,11742277
56.549238444,11881975,11746680
56.600858927,11883969,11751097
56.652291298,11885998,11755534
56.699290514,11888028,11759982
56.750701428,11889985,11764477
56.802636624,11891920,11769005
56.849092245,11893047,11773611
56.900715113,11893836,11778257
56.952424288,11895355,11782864
56.99911213,11897216,11787463
57.05138731,11899141,11792059
57.102082253,11901096,11796660
57.148540497,11903034,11801277
57.200537444,11904970,11805920
57.252199412,11906905,11810568
57.298484087,11908842,11815240
57.350372792,11910863,11819844
57.40148449,11912923,11824428
57.448122263,11914977,11829033
57.499568463,11917036,11833649
57.551177025,11919143,11838257
57.602995634,11921269,11842877
57.649448395,11923394,11847491
57.700683356,11925522,11852109
57.753620386,11927546,11856536
57.799812794,11929538,11860885
57.85151577,11931576,11865206
57.902526141,11933635,11869513
57.948522807,11935758,11873776
58.000555039,11937903,11878020
58.051486731,11940059,11882284
58.098115445,11942222,11886565
58.149615765,11944324,11890921
58.201508761,11946418,11895318
58.247960091,11948536,11899700
58.29938078,11950649,11904082
58.351095677,11952661,11908220
58.402851582,11954627,11912250
58.449192047,11956640,11916234
58.503633976,11958681,11920199
58.55210805,11960792,11924103
58.598879099,11962932,11927992
58.650264502,11965007,11931940
58.701854945,11967048,11935918
58.748872519,11969135,11939864
58.799949408,11971246,11943809
58.85161686,11973435,11947691
58.898540259,11975669,11951548
58.949872256,11977869,11955267
59.001137257,11980062,11958923
59.053564787,11982076,11962399
59.099281311,11984030,11965811
59.151254893,11985887,11969236
59.202588797,11987721,11972673
59.249192715,11989494,11976122
59.300696612,11991251,11979575
59.351957322,11992895,11983090
59.399414063,11994496,11986633
59.450397492,11996054,11990180
59.502957106,11997602,11993747
59.548892737,11999184,11997196
59.600330592,12000783,12000617
59.651655674,12002431,12003924
59.699064494,12004102,12007191
59.75088501,12005820,12010364
59.801282883,12007563,12013495
59.853032589,12009344,12016514
59.899593354,12011138,12019493
59.952538729,12012985,12022372
60.003137112,12014851,12025212
60.049962759,12016700,12027189
60.101453305,12018538,12028833
60.153149128,12020361,12030290
60.203574658,12022181,12031670
60.254131556,12023997,12033035
60.299822092,12025816,12034402
60.351872921,12027618,12035768
60.402469397,12029416,12037133
60.448944569,12031214,12038479
60.50055337,12033012,12039813
60.551998377,12034808,12041120
60.599269629,12036608,12042408
60.650599002999996,12038392,12043669
60.702385903,12040173,12044916
60.783859015,12041949,12046129
60.795338393,12043731,12047318
60.852568388,12044868,12049065
60.91227293,12045707,12051100
60.946027518,12046484,12053133
61.003614664,12047244,12055163
61.071411133,12048024,12057142
61.120363236,12048825,12059100
61.14338398,12049641,12061009
61.193901301,12050468,12062901
61.244900227,12051297,12064741
61.296320916,12052122,12066570
61.364181042,12052943,12068353
61.440222025,12053770,12070130
61.445950032,12054589,12071880
61.516568423,12055401,12073622
61.595363379,12056208,12075335
61.599657059,12057015,12077046
61.671272517,12057799,12078729
61.743803025,12058566,12080394
61.745718241,12059328,12082027
61.819545746,12060093,12083649
61.888065815,12060847,12085247
61.894671917,12061593,12086842
61.959386349,12062333,12088412
62.011460066,12063056,12089982
62.044172526,12063755,12091517
62.112296343,12064444,12093041
62.167863846,12065136,12094545
62.193783284,12065830,12096031
62.247824192,12066514,12097483
62.319737912,12067190,12098933
62.378680706,12067860,12100372
62.394196511,12068518,12101807
62.467760802,12069151,12103213
62.539191485,12069767,12104605
62.543463946,12070380,12105977
62.61553216,12071000,12107335
62.695364476,12071627,12108674
62.69760871,12072257,12110012
62.745179177,12072877,12111323
62.843528986,12073489,12112618
62.846701622,12074084,12113894
62.916402817,12074657,12115167
62.98715353,12075206,12116428
62.996580363,12075740,12117675
63.06037283,12076275,12118904
63.131241083,12076821,12120122
63.145341635,12077366,12121330
63.199921608,12077905,12122527
63.271937847,12078441,12123710
63.316246033,12078976,12124875
63.347741604,12079500,12126026
63.413061381,12080015,12127165
63.483400345,12080512,12128278
63.496662617,12080997,12129376
63.548680544,12081477,12130458
63.618982554,12081959,12131528
63.64620018,12082436,12132585
63.712585926,12082906,12133639
63.78719616,12083373,12134681
63.795810461,12083837,12135710
63.859816075,12084291,12136726
63.935182095,12084736,12137735
63.94505477,12085178,12138725
64.008004189,12085618,12139700
64.083630562,12086050,12140646
64.09328413,12086472,12141578
64.16012621,12086890,12142492
64.222376109,12087311,12143403
64.243702174,12087722,12144309
64.304234267,12088124,12145222
64.38787365,12088520,12146127
64.392591,12088914,12147030
64.460379124,12089310,12147909
64.528930188,12089704,12148760
64.543419838,12090089,12149585
64.601256132,12090466,12150406
64.658491373,12090838,12151225
64.703543187,12091211,12152049
64.747537852,12091571,12152869
64.799586535,12091918,12153674
64.881787777,12092262,12154466
64.896296025,12092605,12155243
64.965143442,12092951,12156005
65.039837838,12093302,12156763
65.044801951,12093644,12157514
65.11959076,12093978,12158266
65.164480687,12094305,12159000
65.194142819,12094629,12159716
65.262879849,12094943,12160419
65.335306406,12095247,12161112
65.343701125,12095547,12161794
65.408285618,12095845,12162473
65.479302407,12096145,12163150
65.493249417,12096448,12163817
65.547548771,12096740,12164469
65.627597809,12097024,12165121
65.712101221,12097305,12165754
65.716634274,12097584,12166373
65.784043789,12097861,12166995
65.79731679,12098141,12167626
65.86432004,12098411,12168250
65.908728123,12098672,12168867
65.9468112,12098932,12169467
66.007952929,12099193,12170038
66.087320328,12099454,12170594
66.096868039,12099712,12171154
66.155657769,12099972,12171714
66.225054503,12100231,12172263
66.299396038,12100481,12172803
66.300694943,12100719,12173343
66.375669957,12100956,12173869
66.396473885,12101193,12174383
66.45935297,12101429,12174884
66.516494751,12101661,12175375
66.546183586,12101892,12175878
66.601687193,12102127,12176383
66.656017781,12102351,12176865
66.744638443,12102564,12177330
66.7483809,12102770,12177791
66.822641611,12102976,12178255
66.891160012,12103182,12178703
66.897721529,12103389,12179143
66.963818312,12103595,12179584
67.031289339,12103803,12180033
67.047329903,12104005,12180477
67.104035378,12104199,12180915
67.172286034,12104390,12181333
67.239727497,12104579,12181737
67.245417595,12104767,12182131
67.315766573,12104955,12182521
67.38732791,12105144,12182904
67.394455195,12105334,12183285
67.460036993,12105523,12183666
67.535149098,12105710,12184049
67.54419446,12105889,12184429
67.604875088,12106059,12184796
67.683562756,12106228,12185159
67.694775343,12106396,12185526
67.759332896,12106561,12185890
67.839407444,12106726,12186256
67.844060421,12106890,12186620
67.915822506,12107057,12186973
67.991247177,12107223,12187316
67.993893385,12107390,12187656
68.06387949,12107546,12187985
68.143106938,12107693,12188314
68.144099713,12107838,12188650
68.215646267,12107985,12188988
68.296115399,12108129,12189325
68.301424742,12108273,12189660
