time_s,linear_mps,angular_radps
27.473443747,0.0,0.0
28.476119757,0.0,0.0
28.513927698,0.0,-0.45
28.533885479,0.0,-0.45
28.553985596,0.0,-0.45
28.574160576,0.0,-0.45
28.594113589,0.0,-0.45
28.613920927,0.0,-0.45
28.63384676,0.0,-0.45
28.65398407,0.0,-0.45
28.67404604,0.0,-0.45
28.693933249,0.0,-0.45
28.713926554,0.0,-0.45
28.734333754,0.0,-0.45
28.754353285,0.0,-0.45
28.773911476,0.0,-0.45
28.793980837,0.0,-0.45
28.813915491,0.0,-0.45
28.834127188,0.0,-0.45
28.854096413,0.0,-0.45
28.874096871,0.0,-0.45
28.894136191,0.0,-0.45
28.91426754,0.0,-0.45
28.934358597,0.0,-0.45
28.954094887,0.0,-0.45
28.974274636,0.0,-0.45
28.994213581,0.0,-0.45
29.014143467,0.0,-0.45
29.034214497,0.0,-0.45
29.055065632,0.0,-0.45
29.073991776,0.0,-0.45
29.094174147,0.0,-0.45
29.11407137,0.0,-0.45
29.134311676,0.0,-0.45
29.154186488,0.0,-0.45
29.173879385,0.0,-0.45
29.193984509,0.0,-0.45
29.213994503,0.0,-0.45
29.2341218,0.0,-0.45
29.253968239,0.0,-0.45
29.273875475,0.0,-0.45
29.294505358,0.0,-0.45
29.313855887,0.0,-0.45
29.333932639,0.0,-0.45
29.354483128,0.0,-0.45
29.373980522,0.0,-0.45
29.394329787,0.0,-0.45
29.414060355,0.0,-0.45
29.434248448,0.0,-0.45
29.454403878,0.0,-0.45
29.474024058,0.0,-0.45
29.4940238,0.0,-0.45
29.513873101,0.0,-0.45
29.534030915,0.0,-0.45
29.554002047,0.0,-0.45
29.574361086,0.0,-0.45
29.595057726,0.0,-0.45
29.614721299,0.0,-0.45
29.634309054,0.0,-0.45
29.65435195,0.0,-0.45
29.673979998,0.0,-0.45
29.694442511,0.0,-0.45
29.713922024,0.0,-0.45
29.734513283,0.0,-0.45
29.753994227,0.0,-0.45
29.773789883,0.0,-0.45
29.794048548,0.0,-0.45
29.81387949,0.0,-0.45
29.833895922,0.0,-0.45
29.854250431,0.0,-0.45
29.873976231,0.0,-0.45
29.893845559,0.0,-0.45
29.913895369,0.0,-0.45
29.93406272,0.0,-0.45
29.953843594,0.0,-0.45
29.973878622,0.0,-0.45
29.994030953,0.0,-0.45
30.013964177,0.0,-0.45
30.033940792,0.0,-0.45
30.053844929,0.0,-0.45
30.073934079,0.0,-0.45
30.093889475,0.0,-0.45
30.113907576,0.0,-0.45
30.133714438,0.0,-0.45
30.153943777,0.0,-0.45
30.173948527,0.0,-0.45
30.193941832,0.0,-0.45
30.213755131,0.0,-0.45
30.233768463,0.0,-0.45
30.253889323,0.0,-0.45
30.274014235,0.0,-0.45
30.293828965,0.0,-0.45
30.31386447,0.0,-0.45
30.333888054,0.0,-0.45
30.354150057,0.0,-0.45
30.373935223,0.0,-0.45
30.394141198,0.0,-0.45
30.413870335,0.0,-0.45
30.434038878,0.0,-0.45
30.453865528,0.0,-0.45
30.473939658,0.0,-0.45
30.493806124,0.0,-0.45
30.51410532,0.0,-0.45
30.534257412,0.0,-0.45
30.554162741,0.0,-0.45
30.574026585,0.0,-0.45
30.594020844,0.0,-0.45
30.61410451,0.0,-0.45
30.634288788,0.0,-0.45
30.654661656000002,0.0,-0.45
30.674324751,0.0,-0.45
30.694103957,0.0,-0.45
30.714832306,0.0,-0.45
30.73406744,0.0,-0.45
30.754669428,0.0,-0.45
30.773892403,0.0,-0.45
30.793971539,0.0,-0.45
30.814188481,0.0,-0.45
30.833883524,0.0,-0.45
30.854101658,0.0,-0.45
30.873939753,0.0,-0.45
30.893932104,0.0,-0.45
30.914387465,0.0,-0.45
30.933942795,0.0,-0.45
30.954878331,0.0,-0.45
30.974197626,0.0,-0.45
30.994313956,0.0,-0.45
31.014620066,0.0,-0.45
31.03387332,0.0,-0.45
31.054193974,0.0,-0.45
31.0743711,0.0,-0.45
31.094088078,0.0,-0.45
31.114502192,0.0,-0.45
31.134182453,0.0,-0.45
31.15414691,0.0,-0.45
31.174313546,0.0,-0.45
31.194287539,0.0,-0.45
31.214061261,0.0,-0.45
31.234307766,0.0,-0.45
31.254257679,0.0,-0.45
31.274204493,0.0,-0.45
31.294312239,0.0,-0.45
31.314245224,0.0,-0.45
31.334314347,0.0,-0.45
31.354248524,0.0,-0.45
31.374059916,0.0,-0.45
31.394304514,0.0,-0.45
31.413880587,0.0,-0.45
31.434181691,0.0,-0.45
31.454344988,0.0,-0.45
31.47426796,0.0,-0.45
31.49401474,0.0,-0.45
31.514030934,0.0,-0.45
31.5342834,0.0,-0.45
31.554204226,0.0,-0.45
31.574275017,0.0,-0.45
31.594321967,0.0,-0.45
31.614025355,0.0,-0.45
31.633905173,0.0,-0.45
31.653974295,0.0,-0.45
31.674214602,0.0,-0.45
31.694393397,0.0,-0.45
31.714010716,0.0,-0.45
31.733881712,0.0,-0.45
31.753911734,0.0,-0.45
31.774172545,0.0,-0.45
31.795010329,0.0,-0.45
31.813824892,0.0,-0.45
31.833974123,0.0,-0.45
31.853886605,0.0,-0.45
31.873968363,0.0,-0.45
31.894043684,0.0,-0.45
31.915010214,0.0,-0.45
31.933962584,0.0,-0.45
31.954062701,0.0,-0.45
31.973878622,0.0,-0.45
31.999488116,0.0,-0.45
32.013902188,0.0,-0.45
32.033997298,0.0,-0.45
32.054200888,0.0,-0.45
32.074178219,0.0,-0.45
32.09403205,0.0,-0.45
32.114167691,0.0,-0.45
32.13394332,0.0,-0.45
32.154189587,0.0,-0.45
32.173959494,0.0,-0.45
32.194023371,0.0,-0.45
32.213931799,0.0,-0.45
32.234028817,0.0,-0.45
32.253858328,0.0,-0.45
32.273948908,0.0,-0.45
32.294057846,0.0,-0.45
32.313937903,0.0,-0.45
32.333985091,0.0,-0.45
32.354918719,0.0,-0.45
32.374002457,0.0,-0.45
32.393964768000004,0.0,-0.45
32.414294958,0.0,-0.45
32.434363842,0.0,-0.45
32.453914166,0.0,-0.45
32.473940134,0.0,-0.45
32.494285345,0.0,-0.45
32.5153265,0.0,-0.45
32.534890414,0.0,-0.45
32.553815365,0.0,-0.45
32.573923827,0.0,-0.45
32.594019175,0.0,-0.45
32.613886118,0.0,-0.45
32.634015084,0.0,-0.45
32.653795958,0.0,-0.45
32.674055338,0.0,-0.45
32.694120646,0.0,-0.45
32.713891745,0.0,-0.45
32.733914376,0.0,-0.45
32.753974438,0.0,-0.45
32.774079085,0.0,-0.45
32.793973685,0.0,-0.45
32.813916684,0.0,-0.45
32.83416152,0.0,-0.45
32.853957892,0.0,-0.45
32.874096632,0.0,-0.45
32.894127369,0.0,-0.45
32.914027691,0.0,-0.45
32.934034109,0.0,-0.45
32.953969241,0.0,-0.45
32.974018097,0.0,-0.45
32.994003535,0.0,-0.45
33.01383996,0.0,-0.45
33.034402848,0.0,-0.45
33.054155588,0.0,-0.45
33.074048519,0.0,-0.45
33.094074011,0.0,-0.45
33.11389494,0.0,-0.45
33.134281874,0.0,-0.45
33.153995753,0.0,-0.45
33.173912526,0.0,-0.45
33.194364786,0.0,-0.45
33.21399951,0.0,-0.45
33.234018088,0.0,-0.45
33.253925562,0.0,-0.45
33.273979187,0.0,-0.45
33.293999195,0.0,-0.45
33.314899683,0.0,-0.45
33.333954573,0.0,-0.45
33.354156256,0.0,-0.45
33.373967648,0.0,-0.45
33.399274111,0.0,-0.45
33.418880225,0.0,-0.45
33.434270621,0.0,-0.45
33.453922749,0.0,-0.45
33.474076987,0.0,-0.45
33.494127035,0.0,-0.45
33.513899327,0.0,-0.45
33.534121514,0.0,-0.45
33.553966761,0.0,-0.45
33.574010134,0.0,-0.45
33.594297409,0.0,-0.45
33.613971711,0.0,-0.45
33.634816885,0.0,-0.45
33.654062271,0.0,-0.45
33.674197197,0.0,-0.45
33.694000006,0.0,-0.45
33.713860035,0.0,-0.45
33.734089375,0.0,-0.45
33.753931046,0.0,-0.45
33.774033308,0.0,-0.45
33.794163466,0.0,-0.45
33.81387353,0.0,-0.45
33.834010601,0.0,-0.45
33.853958369,0.0,-0.45
33.874027014,0.0,-0.45
33.894914389,0.0,-0.45
33.913960934,0.0,-0.45
33.934090853,0.0,-0.45
33.954871416,0.0,-0.45
33.973812342,0.0,-0.45
33.994045973,0.0,-0.45
34.01390791,0.0,-0.45
34.033943415,0.0,-0.45
34.05443573,0.0,-0.45
34.073951245,0.0,-0.45
34.094085694,0.0,-0.45
34.113753081,0.0,-0.45
34.13412261,0.0,-0.45
34.153962612,0.0,-0.45
34.17419672,0.0,-0.45
34.194179058,0.0,-0.45
34.213808775,0.0,-0.45
34.233966828,0.0,-0.45
34.253895522,0.0,-0.45
34.27404809,0.0,-0.45
34.293991328,0.0,-0.45
34.314752341,0.0,-0.45
34.333960772,0.0,-0.45
34.353931189,0.0,-0.45
34.374061585,0.0,-0.45
34.394998312,0.0,-0.45
34.414406777,0.0,-0.45
34.433964014,0.0,-0.45
34.453831435,0.0,-0.45
34.473992586,0.0,-0.45
34.494186879,0.0,-0.45
34.51609993,0.0,-0.45
34.534044743,0.0,-0.45
34.555973769,0.0,-0.45
34.574072361,0.0,-0.45
34.59391594,0.0,-0.45
34.613770247,0.0,-0.45
34.633929015,0.0,-0.45
34.654169321,0.0,-0.45
34.673909188,0.0,-0.45
34.693925381,0.0,-0.45
34.714154005,0.0,-0.45
34.733961106,0.0,-0.45
34.754011631,0.0,-0.45
34.77390647,0.0,-0.45
34.793964863,0.0,-0.45
34.815651656,0.0,-0.45
34.833864212,0.0,-0.45
34.854266405,0.0,-0.45
34.87463975,0.0,-0.45
34.89398861,0.0,-0.45
34.913912297,0.0,-0.45
34.93385768,0.0,-0.45
34.954055786,0.0,-0.45
34.97401762,0.0,-0.45
34.994013071,0.0,-0.45
35.013878346,0.0,-0.45
35.033899069,0.0,-0.45
35.053959608,0.0,-0.45
35.074092865,0.0,-0.45
35.094385147,0.0,-0.45
35.113689185,0.0,-0.45
35.134083987,0.0,-0.45
35.154343605,0.0,-0.45
35.174022198,0.0,-0.45
35.193989754,0.0,-0.45
35.214193583,0.0,-0.45
35.233939171,0.0,-0.45
35.254164458,0.0,-0.45
35.274067402,0.0,-0.45
35.294191122,0.0,-0.45
35.313870192,0.0,-0.45
35.334039688,0.0,-0.45
35.353857041,0.0,-0.45
35.373941899,0.0,-0.45
35.393968106,0.0,-0.45
35.413863659,0.0,-0.45
35.434005022,0.0,-0.45
35.455358267,0.0,-0.45
35.474130154,0.0,-0.45
35.494084359,0.0,-0.45
35.514058113,0.0,-0.45
35.53392458,0.0,-0.45
35.553998709,0.0,-0.45
35.573954344,0.0,-0.45
35.593909741,0.0,-0.45
35.613902092000004,0.0,-0.45
35.634102106,0.0,-0.45
35.653794051,0.0,-0.45
35.673980236,0.0,-0.45
35.693934679,0.0,-0.45
35.714428664,0.0,-0.45
35.73399663,0.0,-0.45
35.753931523,0.0,-0.45
35.773987532,0.0,-0.45
35.79408288,0.0,-0.45
35.813910246,0.0,-0.45
35.833904505,0.0,-0.45
35.854015351,0.0,-0.45
35.874025822,0.0,-0.45
35.894021988,0.0,-0.45
35.913894892,0.0,-0.45
35.933966875,0.0,-0.45
35.953996897,0.0,-0.45
35.9740026,0.0,-0.45
35.993897677,0.0,-0.45
36.014534712,0.0,-0.45
36.034036637,0.0,-0.45
36.053907872,0.0,-0.45
36.07399869,0.0,-0.45
36.094072104,0.0,-0.45
36.113866091,0.0,-0.45
36.134044409,0.0,-0.45
36.154289246,0.0,-0.45
36.173947811,0.0,-0.45
36.194084406,0.0,-0.45
36.213834524,0.0,-0.45
36.233980656,0.0,-0.45
36.253917218,0.0,-0.45
36.273891211,0.0,-0.45
36.294026137,0.0,-0.45
36.314309359,0.0,-0.45
36.334078551,0.0,-0.45
36.353951931,0.0,-0.45
36.373932362,0.0,-0.45
36.394209147,0.0,-0.45
36.414032221,0.0,-0.45
36.43398571,0.0,-0.45
36.453931094,0.0,-0.45
36.473868132,0.0,-0.45
36.493968487,0.0,-0.45
36.513906479,0.0,-0.45
36.533945322,0.0,-0.45
36.554025412,0.0,-0.45
36.574237824,0.0,-0.45
36.59409833,0.0,-0.45
36.613891363,0.0,-0.45
36.633980513,0.0,-0.45
36.653920651,0.0,-0.45
36.674152851,0.0,-0.45
36.694356919,0.0,-0.45
36.714104653,0.0,-0.45
36.734172583,0.0,-0.45
36.754930497,0.0,-0.45
36.774027825,0.0,-0.45
36.793943882,0.0,-0.45
36.81405139,0.0,-0.45
36.833962441,0.0,-0.45
36.853775263,0.0,-0.45
36.874185562,0.0,-0.45
36.894147396,0.0,-0.45
36.914489985,0.0,-0.45
36.93408823,0.0,-0.45
36.953902006,0.0,-0.45
36.973935843,0.0,-0.45
36.994144917,0.0,-0.45
37.013747454,0.0,-0.45
37.033979178,0.0,-0.45
37.053874255,0.0,-0.45
37.074061871,0.0,-0.45
37.094897986,0.0,-0.45
37.113955021,0.0,-0.45
37.134002209,0.0,-0.45
37.153944493,0.0,-0.45
37.173970461,0.0,-0.45
37.19434166,0.0,-0.45
37.214112521,0.0,-0.45
37.23394537,0.0,-0.45
37.253890992,0.0,-0.45
37.273865223,0.0,-0.45
37.294945479,0.0,-0.45
37.313932896,0.0,-0.45
37.334074498,0.0,-0.45
37.353899718,0.0,-0.45
37.373972893,0.0,-0.45
37.393931628,0.0,-0.45
37.414372921,0.0,-0.45
37.43394661,0.0,-0.45
37.453930617,0.0,-0.45
37.47404933,0.0,-0.45
37.494066477,0.0,-0.45
37.514351607,0.0,-0.45
37.534267187,0.0,-0.45
37.553939104,0.0,-0.45
37.574026347,0.0,-0.45
37.593978405,0.0,-0.45
37.613877297,0.0,-0.45
37.634110213,0.0,-0.45
37.654091597,0.0,-0.45
37.674015284,0.0,-0.45
37.69398737,0.0,-0.45
37.713854075,0.0,-0.45
37.734005690000004,0.0,-0.45
37.753988028,0.0,-0.45
37.774193287,0.0,-0.45
37.794001818,0.0,-0.45
37.813893557,0.0,-0.45
37.834052801,0.0,-0.45
37.854279757,0.0,-0.45
37.874104262,0.0,-0.45
37.894122601,0.0,-0.45
37.914008618,0.0,-0.45
37.934140921,0.0,-0.45
37.9541924,0.0,-0.45
37.973815203,0.0,-0.45
37.993937493,0.0,-0.45
38.013830185,0.0,-0.45
38.033984185,0.0,-0.45
38.054105521,0.0,-0.45
38.073999644,0.0,-0.45
38.093946934,0.0,-0.45
38.113898993,0.0,-0.45
38.13484478,0.0,-0.45
38.157799721,0.0,-0.45
38.173977852,0.0,-0.45
38.195172549,0.0,-0.45
38.213828087,0.0,-0.45
38.233952761,0.0,-0.45
38.253738642,0.0,-0.45
38.27406621,0.0,-0.45
38.29399848,0.0,-0.45
38.314294577,0.0,-0.45
38.333956004,0.0,-0.45
38.354179383,0.0,-0.45
38.373917342,0.0,-0.45
38.393811226,0.0,-0.45
38.413981438,0.0,-0.45
38.434012413,0.0,-0.45
38.45391655,0.0,-0.45
38.474083424,0.0,-0.45
38.493969202,0.0,-0.45
38.513887406,0.0,-0.45
38.533863783,0.0,-0.45
38.553952933,0.0,-0.45
38.574048281,0.0,-0.45
38.593898297,0.0,-0.45
38.613857031,0.0,-0.45
38.634055853,0.0,-0.45
38.653955698,0.0,-0.45
38.673969269,0.0,-0.45
38.693991423,0.0,-0.45
38.713880062,0.0,-0.45
38.733994723,0.0,-0.45
38.754182577,0.0,-0.45
38.773990631,0.0,-0.45
38.794890404,0.0,-0.45
38.814134121,0.0,-0.45
38.834428788,0.0,-0.45
38.854019881,0.0,-0.45
38.87415576,0.0,-0.45
38.89394784,0.0,-0.45
38.913905859,0.0,-0.45
38.934215546,0.0,-0.45
38.956319094,0.0,-0.45
38.97396493,0.0,-0.45
38.993949414,0.0,-0.45
39.014029026,0.0,-0.45
39.034133435,0.0,-0.45
39.053997755,0.0,-0.45
39.074033261,0.0,-0.45
39.093979597,0.0,-0.45
39.114339114,0.0,-0.45
39.135149241,0.0,-0.45
39.153851509,0.0,-0.45
39.174046994,0.0,-0.45
39.194039107,0.0,-0.45
39.213905096,0.0,-0.45
39.234004498,0.0,-0.45
39.254067898,0.0,-0.45
39.274082423,0.0,-0.45
39.294101477,0.0,-0.45
39.313918829,0.0,-0.45
39.334090472,0.0,-0.45
39.353963614,0.0,-0.45
39.373925686,0.0,-0.45
39.394261837,0.0,-0.45
39.413949967,0.0,-0.45
39.43407178,0.0,-0.45
39.454363585,0.0,-0.45
39.474062682,0.0,-0.45
39.494181872,0.0,-0.45
39.51405406,0.0,-0.45
39.533963442,0.0,-0.45
39.554830313,0.0,-0.45
39.573945523,0.0,-0.45
39.593983412,0.0,-0.45
39.613725186,0.0,-0.45
39.634343624,0.0,-0.45
39.654370308,0.0,-0.45
39.67381382,0.0,-0.45
39.694056034,0.0,-0.45
39.713851691,0.0,-0.45
39.733939648,0.0,-0.45
39.755832434,0.0,-0.45
39.774082899,0.0,-0.45
39.794081688,0.0,-0.45
39.813788653,0.0,-0.45
39.834190846,0.0,-0.45
39.854168654,0.0,-0.45
39.87496543,0.0,-0.45
39.894041539,0.0,-0.45
39.91400671,0.0,-0.45
39.933917761000004,0.0,-0.45
39.954180956,0.0,-0.45
39.976279974,0.0,-0.45
39.995062113,0.0,-0.45
40.014052868,0.0,-0.45
40.034118891,0.0,-0.45
40.054019928,0.0,-0.45
40.074122429,0.0,-0.45
40.094012022,0.0,-0.45
40.114351511,0.0,-0.45
40.13411212,0.0,-0.45
40.153973103,0.0,-0.45
40.174042702,0.0,-0.45
40.194110871,0.0,-0.45
40.213886738,0.0,-0.45
40.234133959,0.0,-0.45
40.253916979,0.0,-0.45
40.274121046,0.0,-0.45
40.293989659,0.0,-0.45
40.314094305,0.0,-0.45
40.333945036,0.0,-0.45
40.353953839,0.0,-0.45
40.373981238,0.0,-0.45
40.394040108,0.0,-0.45
40.413931609,0.0,-0.45
40.433990002,0.0,-0.45
40.453927517,0.0,-0.45
40.473744154,0.0,-0.45
40.494045973,0.0,-0.45
40.513893605,0.0,-0.45
40.533896208,0.0,-0.45
40.554100037,0.0,-0.45
40.573986054,0.0,-0.45
40.59498477,0.0,-0.45
40.613806725,0.0,-0.45
40.633911372,0.0,-0.45
40.653874636,0.0,-0.45
40.67404604,0.0,-0.45
40.694046259,0.0,-0.45
40.714160681,0.0,-0.45
40.733958006,0.0,-0.45
40.753889799,0.0,-0.45
40.773929119,0.0,-0.45
40.793952942,0.0,-0.45
40.813821316,0.0,-0.45
40.833952427,0.0,-0.45
40.853837252,0.0,-0.45
40.874189854,0.0,-0.45
40.894002438,0.0,-0.45
40.914063692,0.0,-0.45
40.934041024,0.0,-0.45
40.954343081,0.0,-0.45
40.974044562,0.0,-0.45
40.994009257,0.0,-0.45
41.01391697,0.0,-0.45
41.033989907,0.0,-0.45
41.053891659,0.0,-0.45
41.073987484,0.0,-0.45
41.09387374,0.0,-0.45
41.114016056,0.0,-0.45
41.133974791,0.0,-0.45
41.154352188,0.0,-0.45
41.173950911,0.0,-0.45
41.1939497,0.0,-0.45
41.213802815,0.0,-0.45
41.234004021,0.0,-0.45
41.253968478,0.0,-0.45
41.273886919,0.0,-0.45
41.294007302,0.0,-0.45
41.313802243,0.0,-0.45
41.333976746,0.0,-0.45
41.35384965,0.0,-0.45
41.375080824,0.0,-0.45
41.395406247,0.0,-0.45
41.413912297,0.0,-0.45
41.433944702,0.0,-0.45
41.454000235,0.0,-0.45
41.474558354,0.0,-0.45
41.493977547,0.0,-0.45
41.514505864,0.0,0.0
41.616047144,0.0,0.0
41.624431849,0.0,0.0
41.675869465,0.0125,-0.06
41.724704743,0.025,-0.12
41.774926901,0.037500000000000006,-0.18
41.825067044,0.05,-0.24
41.874907732,0.0625,-0.3
41.9247365,0.075,-0.36
41.975393057,0.0875,-0.3695716033165888
42.024739743,0.09999999999999999,-0.3695716033165888
42.075206995,0.11249999999999999,-0.3369884999583126
42.125775338,0.12499999999999999,-0.32780876157664884
42.175639868,0.13749999999999998,-0.32780876157664884
42.224959612,0.15,-0.29285696362258085
42.274916172,0.1625,-0.28310922293845353
42.32461977,0.17500000000000002,-0.2654346226529274
42.374945402,0.18750000000000003,-0.23997028158630762
42.424640179,0.20000000000000004,-0.19952253310854828
42.474948168,0.21250000000000005,-0.15684869862149609
42.524852515,0.22500000000000006,-0.13166574985495594
42.574954033,0.23750000000000007,-0.09244621725246405
42.625589371,0.25000000000000006,-0.06552439696484114
42.674958229,0.26250000000000007,-0.03074576850343491
42.72470069,0.2750000000000001,-0.09074576850343491
42.77514863,0.2875000000000001,-0.1100840269163823
42.824978352,0.3000000000000001,-0.08004450664184637
42.87475276,0.3125000000000001,-0.04890175732958979
42.924856425,0.3250000000000001,-0.02587633174806392
42.974923373,0.33227929487996266,0.0048267829947969965
43.024854422,0.33726247855080893,0.029691831716997186
43.074738264,0.33875488772674284,0.05854370199673864
43.124823571,0.3433784328251432,-0.0014562980032613582
43.174958468,0.3470103454436054,-0.012801163414651484
43.225087405,0.34892254815865886,0.012329217258729264
43.274868489,0.3502952208672057,0.039322974109542885
43.324882508,0.3516900891754029,0.0667634252194077
43.374916554,0.3573510478027389,0.08963934964969977
43.424863339,0.35866546546288874,0.11521837935048565
43.47516656,0.3624802718040058,0.13699893449565065
43.524972916,0.36366477792617996,0.07699893449565065
43.574984551,0.3670296886988975,0.07006083640267854
43.625055075,0.36936221399969965,0.09161970844516451
43.674971819,0.3705803447553753,0.11564236730971444
43.725086451,0.37412608420103927,0.13965029421232678
43.774731398,0.37414010079139853,0.164105372741115
43.825035811,0.3750564987779144,0.18772145005644786
43.874742031,0.371924848927727,0.12772145005644786
43.929490328,0.3708342279988514,0.12010417435273091
43.974870205,0.37040336369551535,0.14324846532360325
44.024686098,0.3692260224165877,0.1666321818594746
44.074952364,0.36801971485642443,0.19059121102698026
44.124805451,0.3693794950220961,0.2151721050320743
44.184533835,0.36826646550838454,0.23712304859737354
44.225121975,0.36887924686067247,0.17712304859737354
44.274703265,0.3679000368436507,0.11712304859737355
44.324737549,0.3669251250496612,0.05712304859737355
44.375047446,0.33442512504966115,-0.0028769514026264487
44.428489924,0.3019251250496612,-0.06287695140262645
44.474677801,0.27830141799121283,-0.12287695140262644
44.524843932,0.27802954669070723,-0.1732721467326797
44.574690581,0.2768837186528067,-0.2332721467326797
44.624872208,0.2774273593743812,-0.2932721467326797
44.674904108,0.2759879728727939,-0.28238163283835216
44.72472477,0.274453986233318,-0.24601756599839442
44.775089264,0.28001848163669973,-0.3060175659983944
44.824624299999996,0.2784126609930973,-0.27642916685883945
44.875557423,0.2793252370090766,-0.23411733499259213
44.924784184,0.2777310110659662,-0.19696822450887508
44.97513485,0.2784685784538132,-0.15433596972861274
45.024954558,0.2768009510213363,-0.11585828362483697
45.074890375,0.2797868229850268,-0.17585828362483696
45.12492013,0.28065153216065525,-0.14568537397653525
45.187980175,0.2791103350083208,-0.11039477321695923
45.224880457,0.27703800375092225,-0.07474903767245755
45.274736643,0.27545503207984523,-0.03852607651997986
45.324890852,0.2717233190913402,-0.09852607651997985
45.374715567,0.27461552414956963,-0.07242517526186609
45.425566435,0.2723629242759619,-0.04314707475921009
45.475209236,0.2709277092065465,-0.010018262295772962
45.524689675,0.26941302835601366,-0.07001826229577296
45.574827671,0.26523392531315276,-0.13001826229577296
45.624683857,0.26378351205258654,-0.13019659480736223
45.674995661,0.26546724551777423,-0.07019659480736223
45.724696875,0.26388752452204617,-0.13019659480736223
45.775449753,0.2603278897632443,-0.12885238176568325
45.825335741,0.25876230771395764,-0.09351618000194284
45.874923706,0.2570686267992264,-0.055361224439317014
45.925437212,0.2695686267992264,0.004638775560682984
45.974750996,0.2820686267992264,0.06463877556068298
46.024950505,0.2945686267992264,0.12463877556068298
46.074912072,0.2620686267992264,0.06463877556068298
46.124755144,0.24836282630538128,0.011775861918340791
46.184133768,0.26086282630538127,0.07177586191834079
46.224680901,0.2733628263053813,0.1317758619183408
46.274981022,0.2858628263053813,0.19177586191834078
46.32484746,0.2983628263053813,0.2517758619183408
46.374710083,0.3108628263053813,0.3062342326322922
46.424974442,0.321182439229324,0.33741280454039657
46.475436926,0.3239020624276814,0.2774128045403966
46.524982453,0.32255601025027747,0.2911821420969454
46.575095892,0.3211128706700388,0.31710958371713205
46.624891281000004,0.31811173562268014,0.34107758046537284
46.674732447,0.32183446200787946,0.28107758046537284
46.724860907,0.3208798134212523,0.2968359674814611
46.774753094,0.31965120290158155,0.31897632674659626
46.824864865,0.31838734930318924,0.34172984432634546
46.874885798,0.28588734930318926,0.28172984432634546
46.930478096,0.2533873493031893,0.22172984432634546
46.974675656,0.23917302153539113,0.16172984432634546
47.025038004,0.23837070882707087,0.10172984432634546
47.075018883,0.23730719262353295,0.12224041699939947
47.124639035,0.23616850632049916,0.14841928999420906
47.184026003,0.24866850632049917,0.20841928999420906
47.224631548,0.26116850632049915,0.26841928999420905
47.274756909,0.27366850632049916,0.32841928999420905
47.324821473,0.28616850632049917,0.38841928999420905
47.375071764,0.2986685063204992,0.41635859743915427
47.42577529,0.3111685063204992,0.35635859743915427
47.474747658,0.31540289337855243,0.35495722293420084
47.525195837,0.31477879241867773,0.3704130393833017
47.574825049,0.31382033826246974,0.3877136329694212
47.624724388,0.31820747692750856,0.3277136329694212
47.674909115,0.31887167244556885,0.32497044289192767
47.724683047,0.3180970257987817,0.3389303486655971
47.774790049,0.3171877870542694,0.35530491208572157
47.825095654,0.28468778705426945,0.29530491208572157
47.874875546,0.2521877870542695,0.23530491208572157
47.925557852,0.2403563558318901,0.17530491208572158
47.974890471,0.2528563558318901,0.23530491208572157
48.024677039,0.2653563558318901,0.29530491208572157
48.074855805,0.2778563558318901,0.35530491208572157
48.124825478,0.2903563558318901,0.29530491208572157
48.18321395,0.30285635583189013,0.2891076027330266
48.22484231,0.31535635583189014,0.30098993317828715
48.274710894,0.3233878109532322,0.31334247898174283
48.324841977,0.3300512663484153,0.25334247898174284
48.374741316,0.3295294544723125,0.2388432686484967
48.424908638,0.3295794336766245,0.2509153821299426
48.474719763,0.32884171494740183,0.2640478383755991
48.524683953,0.32799230750727454,0.27915988682661763
48.575032711,0.33502999162289954,0.21915988682661763
48.624645472,0.334490206566811,0.2026055592889472
48.674934864,0.30199020656681097,0.1426055592889472
48.72464037,0.269490206566811,0.0826055592889472
48.77475977,0.2540069908600527,0.022605559288947197
48.824820996,0.25486877558572985,-0.0373944407110528
48.875231266,0.25427800432902536,-0.05260849760163522
48.925619126,0.25363536559622113,-0.0380487757832797
48.97505951,0.26613536559622114,0.0219512242167203
49.024827242,0.27863536559622115,0.0819512242167203
49.075219632,0.29113536559622116,0.1419512242167203
49.125075341,0.25863536559622113,0.0819512242167203
49.182418824,0.2549722363183379,0.0219512242167203
49.224733115,0.2585712510638671,-0.0380487757832797
49.274942398,0.25924265914849476,-0.0980487757832797
49.324720383,0.2587458287921904,-0.10579694077284252
49.374658347,0.25797357947011823,-0.08835298007890147
49.424840927,0.27047357947011824,-0.02835298007890147
49.47514534,0.28297357947011825,0.03164701992109853
49.524688244000004,0.29547357947011826,0.09164701992109853
49.574832917,0.26297357947011823,0.03164701992109853
49.624688864,0.25871478125682057,-0.02835298007890147
49.675118208,0.2631030931416462,0.03164701992109853
49.724707842,0.26257074108893114,0.05777285795476628
49.774940253,0.2621073254493903,-0.002227142045233721
49.824883223,0.26150948044622785,-0.06222714204523372
49.874769926,0.264829741710558,-0.002227142045233721
49.92520094,0.26517468440054853,0.022053768068615143
49.974680424,0.2645923632726465,0.035646165299007326
50.02471757,0.26397002444441386,0.050165739203719806
50.075087309,0.2633582538543562,-0.009834260796280192
50.125121355,0.26675156305859243,-0.014705323128374803
50.181973696,0.2671176232814835,-0.00020511237655140846
50.22468853,0.266552341216578,0.012960632685965257
50.275238276,0.26591709070572545,0.02774911043049022
50.324884892,0.2698989361982354,-0.03225088956950978
50.374703884,0.26942608688702796,-0.03400513271932504
50.424722672,0.26895678242603077,-0.023090037316579992
50.474920988,0.2684393632368372,-0.008965942259058224
50.524677754,0.2714863432239176,-0.06896594225905822
50.574964285,0.2717479651321147,-0.06684769323306794
50.624747038,0.27123719051406303,-0.05498765999246491
50.674793244,0.27060775247983404,-0.0403784372611663
50.725094557,0.26971570388116617,-0.024526663269102023
50.774682522,0.2727220615447154,-0.08452666326910202
50.824653387,0.2721403042463822,-0.08084514892206829
50.874854565,0.27196391068213827,-0.06461928125243221
50.924723626,0.27125490695737886,-0.048173902164573734
50.975083828,0.27455701955780054,-0.10817390216457373
51.024671078,0.27396574275737895,-0.09907108236185269
51.07470274,0.2732844762317146,-0.08327584563202406
51.124853134,0.272113325008837,-0.06770645912443907
51.18544674,0.2747761455436109,-0.12770645912443906
51.224652529,0.2741544143361257,-0.11509928014657034
51.275662899,0.2737890860308944,-0.10000785853199123
51.324679852,0.2731237441839145,-0.08457147679541144
51.375158787,0.2760071404501068,-0.14228861880595756
51.424869061,0.2753310037498987,-0.12659973935377522
51.474759817,0.2745840505971796,-0.10927634748023307
51.524860859,0.272983091414769,-0.09214326458817679
51.574693203,0.2721996455808835,-0.07394706194213674
51.624705553,0.27466543813559313,-0.13125189335183107
51.674861908,0.2739888200534795,-0.11559976021581286
51.724703312,0.27330235185615276,-0.09964361702945734
51.774811268,0.27249190910105714,-0.08081597605461355
51.825290442,0.27471104039268934,-0.13470895659808635
51.875003815,0.27399205377569974,-0.11798248571991599
51.92484355,0.27274319349319565,-0.10190444003164045
51.974710942,0.27191151234833794,-0.08254487747322414
52.024828196,0.2740810890037688,-0.13307183694187874
52.075109959,0.2730540933387037,-0.11630987360201639
52.124684573,0.2722824467115172,-0.09832308548938562
52.185694218,0.27081703879729885,-0.0798493658348064
52.225118399,0.2728689443953349,-0.1277684338453322
52.274891377,0.2721070466971065,-0.1099671566427809
52.325018406,0.26930273591933057,-0.09626303344459952
52.374750615,0.26845580154719173,-0.07636482888117035
52.424924851,0.28095580154719174,-0.016364828881170357
52.47469616,0.29345580154719175,0.04363517111882964
52.524679423,0.30595580154719176,-0.016364828881170357
52.574798823,0.27345580154719173,-0.07636482888117035
52.624702692,0.26674157080145267,-0.1274898001293524
52.675471545,0.2792415708014527,-0.0674898001293524
52.724784375,0.2917415708014527,-0.09703827830413037
52.774972439,0.3042415708014527,-0.07695262736556274
52.824839592000004,0.3167415708014527,-0.016952627365562745
52.874945164,0.3292415708014527,0.04304737263443725
52.926583529,0.34057428380057037,0.06934490560692752
52.974912405,0.33765078169036467,0.009344905606927523
53.024691582,0.3401669883866017,0.036476443304269246
53.074952364,0.3393134094407347,0.05268416823182587
53.124850035,0.32874656870202795,0.05537367513300373
53.184437752,0.3278539830777368,0.07276449170586041
53.22482872,0.3205742123035223,0.012764491705860415
53.274640322,0.3198236528757082,0.024091726907328415
53.324768782,0.3190287366183378,0.040017669895196395
53.375067711,0.31586330076830993,0.05345200619183865
53.426582098,0.31819229768726653,0.006482282866874467
53.475079775,0.3062687481567636,0.0022904640771015394
53.52467537,0.3055117298340122,0.018065418067780725
53.574731112,0.3046267531712898,0.03649810423081812
53.624791384,0.29489887840378415,-0.02350189576918188
53.67471242,0.2941478933632617,-0.015771703369394485
53.724828005,0.29100539572546436,-0.0035499316541454107
53.774785281,0.2901565997429968,0.01491082302925062
53.824882031,0.2814420517256631,-0.04508917697074938
53.875304461,0.28070812018643443,-0.03618636273453646
53.924989462,0.2799605255035824,-0.019357612589502082
53.974888325,0.27490302918474746,-0.009362283185817555
54.024691582,0.27494566703741524,0.05063771681418244
54.074651718,0.27414382281008043,0.11063771681418244
54.125045777,0.26119660880876766,0.17063771681418244
54.191994191,0.260517580967556,0.23063771681418244
54.224713803,0.25830515908670254,0.29063771681418243
54.275290013,0.24458399484171242,0.35063771681418243
54.324965,0.2440175752712421,0.2915894379458363
54.375427485,0.24127526467753124,0.29605842687202627
54.42663002,0.23915389781153715,0.35107061841441733
54.475077868,0.2388052459853848,0.3601048974536276
54.524869681,0.22574892230517576,0.35965216223083807
54.574698687,0.22543061760359198,0.3690326399937428
54.625151635,0.2093815240027442,0.4290326399937428
54.674721718,0.20904812344330467,0.4890326399937428
54.72466445,0.2086884775350334,0.5490326399937429
54.774836779,0.2055699556057969,0.6090326399937429
54.82499981,0.1974347078620696,0.669032639993743
54.874860525,0.1886852050661361,0.729032639993743
54.924683571,0.18853850284351256,0.7890326399937431
54.974748135,0.18854332207410576,0.8490326399937431
55.025039912,0.17375146086781715,0.9090326399937432
55.074747801,0.17463466183888254,0.9690326399937432
55.124670983,0.17585398357341955,1.0290326399937433
55.186013222,0.18199997946637428,1.0890326399937433
55.224639893,0.18347690053414267,1.1490326399937434
55.274800063,0.18502192156111677,1.099238692122138
55.324849606,0.17924260250737248,1.159238692122138
55.374881983,0.18082269413485155,1.219238692122138
55.424901724,0.18691567387349595,1.2047304108139847
55.47471571,0.1887385976707289,1.1457120372343845
55.525009394,0.1958056984092639,1.0857120372343845
55.574919701,0.18987552506673774,1.1457120372343845
55.625170946,0.19177660376051053,1.2057120372343846
55.675350666,0.19659385123619524,1.1497494585547532
55.724784136,0.19860085835202787,1.0897494585547531
55.774911404,0.20619201541019605,1.029749458554753
55.824717999,0.20158865873778434,0.969749458554753
55.874808312,0.20365350824490439,0.909749458554753
55.92680955,0.2096301680212186,0.969749458554753
55.975203753,0.2116888515692917,0.977061432207705
56.024651051,0.21377464202578322,0.9170614322077051
56.075293303,0.21467921596455963,0.857061432207705
56.125253916,0.21692832406399512,0.797061432207705
56.183124543,0.2227543679286702,0.857061432207705
56.225124359,0.22368851373945461,0.8877815909497996
56.275027991,0.2245845637420136,0.8622708213585054
56.325004816,0.21885175735225684,0.9222708213585054
56.374667406,0.21986379044061635,0.9822708213585054
56.42491293,0.22370161301441263,0.9680238633787733
56.474776507,0.22597939237208206,0.9080238633787734
56.524719,0.2287466509467592,0.8480238633787733
56.574814082,0.2281996683599065,0.9080238633787734
56.624890089,0.22963851111477165,0.9680238633787734
56.675266028,0.23487596778370237,1.0280238633787735
56.724643469,0.2280636216724449,1.0880238633787735
56.774714232,0.22958167223142326,1.0764028234164096
56.824811459,0.23516404446175868,1.0356476269647188
56.874690056,0.23796373304245866,0.9756476269647187
56.924652338,0.24130286995254535,0.9156476269647187
56.974988699,0.24589400223123,0.8556476269647186
57.024679184,0.2478535768952335,0.9156476269647187
57.074665308,0.24973995504065138,0.9113312213596845
57.125117541,0.25925121983956406,0.8721096177191763
57.180079222,0.25522600768590625,0.8121096177191762
57.225500346,0.2621447532847694,0.7521096177191762
57.274685383,0.2642267705689324,0.6921096177191761
57.324702978,0.26635580898765665,0.6321096177191761
57.374997139,0.27133582584220506,0.690083391683552
57.424722433,0.2733017831386542,0.6467953816357551
57.47553587,0.2803593702075635,0.6097122173824878
57.524687052,0.2824448107776905,0.5644728357371903
57.574757099,0.2805346919800959,0.6059106837462069
57.625469447,0.2480346919800959,0.5459106837462069
57.67468524,0.21932592556719135,0.4859106837462069
57.724615574,0.22095731439290553,0.4259106837462069
57.775781393,0.2261148268452673,0.39954044471151484
57.824758768,0.22777920290501266,0.3508640632399963
57.874955178,0.22938875288001556,0.30379112673506914
57.924847126,0.2367011224861125,0.36379112673506914
57.974698067,0.2364527098378295,0.30379112673506914
58.02494216,0.24155508140513782,0.36379112673506914
58.07463336,0.24316547169093047,0.42379112673506913
58.124665499,0.244812160654254,0.3833803007293569
58.182251454,0.212312160654254,0.3577167088362041
58.224664927,0.179812160654254,0.3031837959931125
58.275043011,0.1699884673574822,0.24875696895574428
58.324833155,0.1756751016807643,0.19299273182079113
58.374689341,0.17631859125258656,0.16712035519094537
58.424665928,0.17764023869175047,0.11398171578598049
58.474954605,0.183066229816221,0.06257072528923296
58.524668932,0.1843665765231044,0.12257072528923296
58.574654818,0.18559464433627257,0.18257072528923296
58.625107289,0.1901701956197727,0.17984680218023075
58.675389529,0.19154568590511065,0.1269005474952012
58.725119353,0.1958946813233414,0.070704760995427
58.774684668,0.1973511542542241,0.015468103532095823
58.824763537,0.1966912202573107,-0.040496064823361544
58.874825001,0.1641912202573107,-0.08182638521777308
58.924661637,0.1316912202573107,-0.1337485678742617
58.974740029,0.0991912202573107,-0.0737485678742617
59.024893523,0.09392518446791237,-0.013748567874261708
59.074766636,0.09333316758160519,0.04625143212573829
59.124781132,0.09138502995990033,0.10625143212573829
59.182718039,0.09067573008995687,0.16625143212573829
59.22466302,0.08993365663522089,0.22625143212573828
59.27512908,0.08695686712964366,0.2862514321257383
59.324663878,0.08615636687759988,0.3462514321257383
59.374931336,0.08360965617479417,0.33287369366932285
59.429103375,0.08268459609563256,0.27287369366932285
59.475713969,0.08171431629347149,0.21287369366932285
59.524816275,0.07789214554135618,0.15287369366932285
59.574686766,0.07693974261143607,0.09287369366932285
59.624804736,0.07409602720594737,0.032873693669322857
59.674714089,0.07317756331137075,-0.02712630633067714
59.724844933,0.07044401516338007,-0.08712630633067714
59.774732828,0.06955226295730225,-0.14712630633067714
59.825792551,0.06689614235142424,-0.20712630633067713
59.874866009,0.06603248762091705,-0.26712630633067713
59.924842358,0.06514936911932553,-0.32712630633067713
59.974965334,0.03264936911932553,-0.38712630633067713
60.024719715,0.00014936911932553198,-0.4471263063306771
60.07490778,0.0,-0.5071263063306771
60.124847174,0.0,-0.5249999999999999
60.187425375,0.0,-0.5249999999999999
60.224826336,0.0,-0.5249999999999999
60.274693728,0.0,-0.5249999999999999
60.324945689,0.0,-0.5249999999999999
60.375113011,0.0,-0.5249999999999999
60.424914599,0.0,-0.5249999999999999
60.475172997,0.0,-0.5249999999999999
60.524767876,0.0,-0.5249999999999999
60.574760676,0.0,-0.5249999999999999
60.624827147,0.0,-0.5249999999999999
60.676169157,0.0,-0.5249999999999999
60.724631071,0.0,0.0
60.774787665,0.0,0.0
